"";"arq";"id_processo";"Status";"Assunto";"Classe";"Foro";"Juiz";"Vara";"Distribuição";"Controle";"Área";"Valor da ação";"cdp";"digital";"Outros assuntos";"Apensado ao"
"1";"data-raw/1000002-89.2021.8.26.0333.html";"1000002-89.2021.8.26.0333";"Extinto, Tramitação prioritária";"Serviços Hospitalares";"Procedimento do Juizado Especial Cível";"Foro de Macatuba";"BÁRBARA GALVÃO SIMÕES DE CAMARGO";"Juizado Especial Cível e Criminal";"22/01/2021 às 17:47 - Livre";"2021/000037";"Cível";"R$ 1.000,00";"9900013BU0000";TRUE;NA;NA
"2";"data-raw/1000006-22.2021.8.26.0594.html";"1000006-22.2021.8.26.0594";"Extinto, Tramitação prioritária";"Unidade de terapia intensiva (UTI) / unidade de cuidados intensivos (UCI)";"Mandado de Segurança Cível";"Foro de Bauru";"Ana Lúcia Graça Lima Aiello";"1ª Vara da Fazenda Pública";"11/01/2021 às 10:47 - Livre";"2021/000017";"Cível";"R$ 1.100,00";"GI00013Y50000";TRUE;NA;NA
"3";"data-raw/1000009-74.2021.8.26.0594.html";"1000009-74.2021.8.26.0594";"Extinto";"Unidade de terapia intensiva (UTI) / unidade de cuidados intensivos (UCI)";"Mandado de Segurança Cível";"Foro de Bauru";"Elaine Cristina Storino Leoni";"2ª Vara da Fazenda Pública";"07/01/2021 às 10:31 - Livre";"2021/000003";"Cível";"R$ 1.100,00";"GI00013YH0000";TRUE;NA;NA
"4";"data-raw/1000010-59.2021.8.26.0594.html";"1000010-59.2021.8.26.0594";"Extinto, Tramitação prioritária";"Tratamento médico-hospitalar";"Mandado de Segurança Cível";"Foro de Bauru";"Ana Lúcia Graça Lima Aiello";"1ª Vara da Fazenda Pública";"07/01/2021 às 10:33 - Livre";"2021/000004";"Cível";"R$ 1.100,00";"GI00013YQ0000";TRUE;NA;NA
"5";"data-raw/1000017-54.2021.8.26.0593.html";"1000017-54.2021.8.26.0593";NA;"Tratamento médico-hospitalar";"Tutela Antecipada Antecedente";"Foro de Marília";"WALMIR IDALENCIO DOS SANTOS CRUZ";"Vara da Fazenda Pública";"12/04/2021 às 14:25 - Livre";"2021/002617";"Criminal";"R$ 1.000,00";"GH0000MNF0000";TRUE;NA;NA
"6";"data-raw/1000021-88.2021.8.26.0594.html";"1000021-88.2021.8.26.0594";"Extinto, Tramitação prioritária";"Tratamento médico-hospitalar";"Mandado de Segurança Cível";"Foro de Bauru";"Elaine Cristina Storino Leoni";"2ª Vara da Fazenda Pública";"15/01/2021 às 16:42 - Livre";"2021/000038";"Cível";"R$ 1.100,00";"GI00014DN0000";TRUE;NA;NA
"7";"data-raw/1000032-94.2021.8.26.0537.html";"1000032-94.2021.8.26.0537";"Extinto";"Tratamento médico-hospitalar";"Petição Infância e Juventude Cível";"Foro de Diadema";"Claudia Maria Carbonari de Faria";"Vara do Júri/Exec./Inf. Juv/Idoso";"12/04/2021 às 09:43 - Direcionada";"2021/000769";"Cível";"R$ 10.000,00";"EX0001AOX0000";TRUE;NA;NA
"8";"data-raw/1000033-05.2021.8.26.0594.html";"1000033-05.2021.8.26.0594";"Extinto, Tramitação prioritária";"Unidade de terapia intensiva (UTI) / unidade de cuidados intensivos (UCI)";"Mandado de Segurança Cível";"Foro de Bauru";"Ana Lúcia Graça Lima Aiello";"1ª Vara da Fazenda Pública";"02/02/2021 às 08:53 - Livre";"2021/000077";"Cível";"R$ 1.100,00";"GI00016700000";TRUE;NA;NA
"9";"data-raw/1000035-16.2021.8.26.0548.html";"1000035-16.2021.8.26.0548";"Tramitação prioritária";"Unidade de terapia intensiva (UTI) / unidade de cuidados intensivos (UCI)";"Procedimento Comum Cível";"Foro de Campinas";"Wagner Roby Gidaro";"2ª Vara da Fazenda Pública";"08/03/2021 às 08:12 - Livre";"2021/000751";"Cível";"R$ 20.000,00";"F800032H40000";TRUE;NA;NA
"10";"data-raw/1000041-35.2021.8.26.0544.html";"1000041-35.2021.8.26.0544";"Tramitação prioritária";"Unidade de terapia intensiva (UTI) / unidade de cuidados intensivos (UCI)";"Procedimento Comum Cível";"Foro de Franco da Rocha";"Luiz Gustavo Rocha Malheiros";"2ª Vara Cível";"31/05/2021 às 10:35 - Livre";"2021/000677";"Cível";"R$ 20.000,00";"F40004QEU0000";TRUE;NA;NA
"11";"data-raw/1000043-49.2021.8.26.0594.html";"1000043-49.2021.8.26.0594";NA;"Unidade de terapia intensiva (UTI) / unidade de cuidados intensivos (UCI)";"Mandado de Segurança Cível";"Foro de Bauru";"Elaine Cristina Storino Leoni";"2ª Vara da Fazenda Pública";"15/02/2021 às 14:25 - Livre";"2021/000137";"Cível";"R$ 1.100,00";"GI00017C70000";TRUE;NA;NA
"12";"data-raw/1000044-34.2021.8.26.0594.html";"1000044-34.2021.8.26.0594";"Extinto";"Unidade de terapia intensiva (UTI) / unidade de cuidados intensivos (UCI)";"Mandado de Segurança Cível";"Foro de Bauru";"Elaine Cristina Storino Leoni";"2ª Vara da Fazenda Pública";"15/02/2021 às 14:27 - Livre";"2021/000138";"Cível";"R$ 1.100,00";"GI00017F20000";TRUE;NA;NA
"13";"data-raw/1000047-86.2021.8.26.0594.html";"1000047-86.2021.8.26.0594";"Extinto";"Unidade de terapia intensiva (UTI) / unidade de cuidados intensivos (UCI)";"Mandado de Segurança Cível";"Foro de Bauru";"Elaine Cristina Storino Leoni";"2ª Vara da Fazenda Pública";"22/02/2021 às 11:22 - Livre";"2021/000154";"Cível";"R$ 1.100,00";"GI00017WT0000";TRUE;NA;NA
"14";"data-raw/1000048-71.2021.8.26.0594.html";"1000048-71.2021.8.26.0594";"Extinto, Tramitação prioritária";"Tratamento médico-hospitalar";"Mandado de Segurança Cível";"Foro de Bauru";"Elaine Cristina Storino Leoni";"2ª Vara da Fazenda Pública";"01/03/2021 às 11:13 - Livre";"2021/000171";"Cível";"R$ 1.100,00";"GI00018IF0000";TRUE;"Unidade de terapia intensiva (UTI) / unidade de cuidados intensivos (UCI)";NA
"15";"data-raw/1000049-56.2021.8.26.0594.html";"1000049-56.2021.8.26.0594";NA;"Tratamento médico-hospitalar";"Mandado de Segurança Cível";"Foro de Bauru";"Ana Lúcia Graça Lima Aiello";"1ª Vara da Fazenda Pública";"01/03/2021 às 11:13 - Livre";"2021/000147";"Cível";"R$ 1.100,00";"GI00018IL0000";TRUE;NA;NA
"16";"data-raw/1000052-11.2021.8.26.0594.html";"1000052-11.2021.8.26.0594";"Tramitação prioritária";"Unidade de terapia intensiva (UTI) / unidade de cuidados intensivos (UCI)";"Mandado de Segurança Cível";"Foro de Bauru";"Elaine Cristina Storino Leoni";"2ª Vara da Fazenda Pública";"08/03/2021 às 15:21 - Livre";"2021/000201";"Cível";"R$ 1.100,00";"GI000194C0000";TRUE;NA;NA
"17";"data-raw/1000054-78.2021.8.26.0594.html";"1000054-78.2021.8.26.0594";NA;"Unidade de terapia intensiva (UTI) / unidade de cuidados intensivos (UCI)";"Mandado de Segurança Cível";"Foro de Bauru";"Ana Lúcia Graça Lima Aiello";"1ª Vara da Fazenda Pública";"08/03/2021 às 15:42 - Livre";"2021/000173";"Cível";"R$ 1.100,00";"GI000198J0000";TRUE;NA;NA
"18";"data-raw/1000056-48.2021.8.26.0594.html";"1000056-48.2021.8.26.0594";"Extinto, Tramitação prioritária";"Unidade de terapia intensiva (UTI) / unidade de cuidados intensivos (UCI)";"Mandado de Segurança Cível";"Foro de Bauru";"Ana Lúcia Graça Lima Aiello";"1ª Vara da Fazenda Pública";"08/03/2021 às 15:32 - Livre";"2021/000172";"Cível";"R$ 1.100,00";"GI000198L0000";TRUE;NA;NA
"19";"data-raw/1000057-33.2021.8.26.0594.html";"1000057-33.2021.8.26.0594";NA;"Leito de enfermaria / leito oncológico";"Mandado de Segurança Cível";"Foro de Bauru";"Elaine Cristina Storino Leoni";"2ª Vara da Fazenda Pública";"08/03/2021 às 15:33 - Livre";"2021/000202";"Cível";"R$ 1.100,00";"GI000198M0000";TRUE;NA;NA
"20";"data-raw/1000062-53.2021.8.26.0530.html";"1000062-53.2021.8.26.0530";"Tramitação prioritária";"Tratamento médico-hospitalar";"Procedimento Comum Cível";"Foro de Ribeirão Preto";"LUCILENE APARECIDA CANELLA DE MELO";"2ª Vara da Fazenda Pública";"31/05/2021 às 10:14 - Livre";"2021/000585";"Cível";"R$ 10.000,00";"EQ0001Z4Z0000";TRUE;NA;NA
"21";"data-raw/1000062-55.2021.8.26.0594.html";"1000062-55.2021.8.26.0594";"Extinto, Tramitação prioritária";"Tratamento médico-hospitalar";"Procedimento do Juizado Especial Cível";"Foro de Bauru";"Elaine Cristina Storino Leoni";"Anexo do Juizado Especial da Fazenda Pública";"17/03/2021 às 09:26 - Livre";"2021/000750";"Cível";"R$ 1.100,00";"GI00019UV0000";TRUE;NA;NA
"22";"data-raw/1000068-60.2021.8.26.0530.html";"1000068-60.2021.8.26.0530";"Segredo de Justiça, Tramitação prioritária";"Serviços Hospitalares";"Procedimento Comum Cível";"Foro de Ribeirão Preto";"PAULO CESAR GENTILE";"Vara da Infância e Juventude e do Idoso";"09/06/2021 às 14:02 - Livre";"2021/001021";"Cível";"R$ 100.000,00";"EQ0001ZX30000";TRUE;NA;NA
"23";"data-raw/1000068-62.2021.8.26.0594.html";"1000068-62.2021.8.26.0594";"Tramitação prioritária";"Unidade de terapia intensiva (UTI) / unidade de cuidados intensivos (UCI)";"Mandado de Segurança Cível";"Foro de Bauru";"Elaine Cristina Storino Leoni";"2ª Vara da Fazenda Pública";"29/03/2021 às 13:16 - Livre";"2021/000274";"Cível";"R$ 1.100,00";"GI0001AX40000";TRUE;NA;NA
"24";"data-raw/1000069-47.2021.8.26.0594.html";"1000069-47.2021.8.26.0594";"Extinto, Tramitação prioritária";"Unidade de terapia intensiva (UTI) / unidade de cuidados intensivos (UCI)";"Mandado de Segurança Cível";"Foro de Bauru";"Ana Lúcia Graça Lima Aiello";"1ª Vara da Fazenda Pública";"29/03/2021 às 13:17 - Livre";"2021/000233";"Cível";"R$ 1.100,00";"GI0001AXD0000";TRUE;"Urgência";"1007351-56.2021.8.26.0071"
"25";"data-raw/1000071-17.2021.8.26.0594.html";"1000071-17.2021.8.26.0594";"Tramitação prioritária";"Unidade de terapia intensiva (UTI) / unidade de cuidados intensivos (UCI)";"Mandado de Segurança Cível";"Foro de Bauru";"Elaine Cristina Storino Leoni";"2ª Vara da Fazenda Pública";"29/03/2021 às 13:00 - Livre";"2021/000273";"Cível";"R$ 1.100,00";"GI0001B0I0000";TRUE;NA;NA
"26";"data-raw/1000074-69.2021.8.26.0594.html";"1000074-69.2021.8.26.0594";NA;"Unidade de terapia intensiva (UTI) / unidade de cuidados intensivos (UCI)";"Mandado de Segurança Cível";"Foro de Bauru";"Elaine Cristina Storino Leoni";"2ª Vara da Fazenda Pública";"05/04/2021 às 16:49 - Livre";"2021/000296";"Cível";"R$ 1.100,00";"GI0001BDS0000";TRUE;NA;NA
"27";"data-raw/1000079-91.2021.8.26.0594.html";"1000079-91.2021.8.26.0594";NA;"Unidade de terapia intensiva (UTI) / unidade de cuidados intensivos (UCI)";"Mandado de Segurança Cível";"Foro de Bauru";"Elaine Cristina Storino Leoni";"2ª Vara da Fazenda Pública";"05/04/2021 às 16:52 - Livre";"2021/000299";"Cível";"R$ 1.100,00";"GI0001BGZ0000";TRUE;NA;NA
"28";"data-raw/1000082-46.2021.8.26.0594.html";"1000082-46.2021.8.26.0594";NA;"Unidade de terapia intensiva (UTI) / unidade de cuidados intensivos (UCI)";"Mandado de Segurança Cível";"Foro de Bauru";"Elaine Cristina Storino Leoni";"2ª Vara da Fazenda Pública";"05/04/2021 às 16:46 - Livre";"2021/000294";"Cível";"R$ 1.100,00";"GI0001BKH0000";TRUE;NA;NA
"29";"data-raw/1000083-31.2021.8.26.0594.html";"1000083-31.2021.8.26.0594";"Tramitação prioritária";"Unidade de terapia intensiva (UTI) / unidade de cuidados intensivos (UCI)";"Mandado de Segurança Cível";"Foro de Bauru";"Ana Lúcia Graça Lima Aiello";"1ª Vara da Fazenda Pública";"05/04/2021 às 16:45 - Livre";"2021/000250";"Cível";"R$ 1.100,00";"GI0001BKI0000";TRUE;NA;NA
"30";"data-raw/1000084-16.2021.8.26.0594.html";"1000084-16.2021.8.26.0594";NA;"Leito de enfermaria / leito oncológico";"Mandado de Segurança Cível";"Foro de Bauru";"Elaine Cristina Storino Leoni";"2ª Vara da Fazenda Pública";"05/04/2021 às 16:46 - Livre";"2021/000295";"Cível";"R$ 1.100,00";"GI0001BKK0000";TRUE;NA;NA
"31";"data-raw/1000090-23.2021.8.26.0594.html";"1000090-23.2021.8.26.0594";NA;"Tratamento médico-hospitalar";"Mandado de Segurança Cível";"Foro de Bauru";"Ana Lúcia Graça Lima Aiello";"1ª Vara da Fazenda Pública";"22/04/2021 às 09:20 - Livre";"2021/000306";"Cível";"R$ 1.100,00";"GI0001CSM0000";TRUE;NA;NA
"32";"data-raw/1000098-97.2021.8.26.0594.html";"1000098-97.2021.8.26.0594";NA;"Unidade de terapia intensiva (UTI) / unidade de cuidados intensivos (UCI)";"Mandado de Segurança Cível";"Foro de Bauru";"Ana Lúcia Graça Lima Aiello";"1ª Vara da Fazenda Pública";"03/05/2021 às 18:53 - Livre";"2021/000343";"Cível";"R$ 1.100,00";"GI0001E3D0000";TRUE;NA;NA
"33";"data-raw/1000103-22.2021.8.26.0594.html";"1000103-22.2021.8.26.0594";NA;"Tratamento médico-hospitalar";"Mandado de Segurança Cível";"Foro de Bauru";"Ana Lúcia Graça Lima Aiello";"1ª Vara da Fazenda Pública";"18/05/2021 às 16:36 - Livre";"2021/000390";"Cível";"R$ 1.100,00";"GI0001F8N0000";TRUE;NA;NA
"34";"data-raw/1000111-96.2021.8.26.0594.html";"1000111-96.2021.8.26.0594";"Tramitação prioritária";"Unidade de terapia intensiva (UTI) / unidade de cuidados intensivos (UCI)";"Mandado de Segurança Cível";"Foro de Bauru";"Elaine Cristina Storino Leoni";"2ª Vara da Fazenda Pública";"25/05/2021 às 14:42 - Livre";"2021/000461";"Cível";"R$ 1.100,00";"GI0001FVN0000";TRUE;NA;NA
"35";"data-raw/1000116-21.2021.8.26.0594.html";"1000116-21.2021.8.26.0594";NA;"Unidade de terapia intensiva (UTI) / unidade de cuidados intensivos (UCI)";"Mandado de Segurança Cível";"Foro de Bauru";"Ana Lúcia Graça Lima Aiello";"1ª Vara da Fazenda Pública";"26/05/2021 às 14:17 - Livre";"2021/000411";"Cível";"R$ 1.100,00";"GI0001FYV0000";TRUE;NA;NA
"36";"data-raw/1000119-73.2021.8.26.0594.html";"1000119-73.2021.8.26.0594";"Tramitação prioritária";"Unidade de terapia intensiva (UTI) / unidade de cuidados intensivos (UCI)";"Mandado de Segurança Cível";"Foro de Bauru";"Elaine Cristina Storino Leoni";"2ª Vara da Fazenda Pública";"25/05/2021 às 16:47 - Livre";"2021/000466";"Cível";"R$ 1.100,00";"GI0001FZ60000";TRUE;NA;NA
"37";"data-raw/1000121-43.2021.8.26.0594.html";"1000121-43.2021.8.26.0594";"Tramitação prioritária";"Leito de enfermaria / leito oncológico";"Mandado de Segurança Cível";"Foro de Bauru";"Elaine Cristina Storino Leoni";"2ª Vara da Fazenda Pública";"31/05/2021 às 09:57 - Livre";"2021/000481";"Cível";"R$ 1.100,00";"GI0001GHO0000";TRUE;NA;NA
"38";"data-raw/1000144-86.2021.8.26.0594.html";"1000144-86.2021.8.26.0594";"Tramitação prioritária";"Unidade de terapia intensiva (UTI) / unidade de cuidados intensivos (UCI)";"Mandado de Segurança Cível";"Foro de Bauru";"Ana Lúcia Graça Lima Aiello";"1ª Vara da Fazenda Pública";"07/06/2021 às 18:00 - Livre";"2021/000450";"Cível";"R$ 1.100,00";"GI0001H920000";TRUE;NA;NA
"39";"data-raw/1000148-43.2021.8.26.0071.html";"1000148-43.2021.8.26.0071";"Extinto, Tramitação prioritária";"Leito de enfermaria / leito oncológico";"Mandado de Segurança Cível";"Foro de Bauru";"Elaine Cristina Storino Leoni";"2ª Vara da Fazenda Pública";"07/01/2021 às 12:15 - Livre";"2021/000005";"Cível";"R$ 1.045,00";"1Z000F0CT0000";TRUE;NA;NA
"40";"data-raw/1000150-93.2021.8.26.0594.html";"1000150-93.2021.8.26.0594";"Tramitação prioritária";"Unidade de terapia intensiva (UTI) / unidade de cuidados intensivos (UCI)";"Mandado de Segurança Cível";"Foro de Bauru";"Ana Lúcia Graça Lima Aiello";"1ª Vara da Fazenda Pública";"14/06/2021 às 14:27 - Livre";"2021/000484";"Cível";"R$ 1.100,00";"GI0001HV40000";TRUE;NA;NA
"41";"data-raw/1000287-09.2021.8.26.0228.html";"1000287-09.2021.8.26.0228";NA;"Tratamento médico-hospitalar";"Procedimento do Juizado Especial Cível";"Foro Regional VII - Itaquera";"Eduardo Francisco Marcondes";"Vara do Juizado Especial Cível";"24/03/2021 às 15:37 - Livre";"2021/001017";"Cível";"R$ 30.000,00";"6C0001L230000";TRUE;NA;NA
"42";"data-raw/1000387-47.2021.8.26.0071.html";"1000387-47.2021.8.26.0071";"Extinto, Tramitação prioritária";"Unidade de terapia intensiva (UTI) / unidade de cuidados intensivos (UCI)";"Mandado de Segurança Cível";"Foro de Bauru";"Elaine Cristina Storino Leoni";"2ª Vara da Fazenda Pública";"12/01/2021 às 11:31 - Livre";"2021/000023";"Cível";"R$ 1.100,00";"1Z000F1170000";TRUE;NA;NA
"43";"data-raw/1000395-38.2021.8.26.0228.html";"1000395-38.2021.8.26.0228";NA;"Tratamento médico-hospitalar";"Procedimento Comum Cível";"Foro Central - Fazenda Pública/Acidentes";"Fausto Dalmaschio Ferreira";"11ª Vara de Fazenda Pública";"13/04/2021 às 09:37 - Livre";"2021/001515";"Cível";"R$ 10.000,00";"6C0001ML70000";TRUE;NA;NA
"44";"data-raw/1000418-81.2021.8.26.0228.html";"1000418-81.2021.8.26.0228";"Tramitação prioritária";"Obrigação de Fazer / Não Fazer";"Procedimento Comum Cível";"Foro Central - Fazenda Pública/Acidentes";"ANTONIO AUGUSTO GALVAO DE FRANCA";"4ª Vara de Fazenda Pública";"21/04/2021 às 08:23 - Livre";"2021/000756";"Cível";"R$ 30.000,00";"6C0001N770000";TRUE;"Tratamento médico-hospitalar";NA
"45";"data-raw/1000579-91.2021.8.26.0228.html";"1000579-91.2021.8.26.0228";"Tramitação prioritária";"Serviços Hospitalares";"Procedimento Comum Cível";"Foro Central - Fazenda Pública/Acidentes";"FERNANDA HENRIQUES GONCALVES ZOBOLI";"2ª Vara de Fazenda Pública";"14/06/2021 às 09:50 - Livre";"2021/001277";"Cível";"R$ 1.000,00";"6C0001RH70000";TRUE;NA;NA
"46";"data-raw/1001046-63.2021.8.26.0198.html";"1001046-63.2021.8.26.0198";"Extinto";"Unidade de terapia intensiva (UTI) / unidade de cuidados intensivos (UCI)";"Procedimento do Juizado Especial Cível";"Foro de Franco da Rocha";"Melina de Medeiros Ros";"Vara do Juizado Especial Cível e Criminal";"19/03/2021 às 11:03 - Livre";"2021/000375";"Cível";"R$ 10.000,00";"5I0003QBY0000";TRUE;NA;NA
"47";"data-raw/1001120-78.2021.8.26.0405.html";"1001120-78.2021.8.26.0405";"Segredo de Justiça, Tramitação prioritária";"Tratamento médico-hospitalar";"Procedimento Comum Cível";"Foro de Osasco";"MARIANA HORTA GREENHALGH";"8ª Vara Cível";"23/01/2021 às 14:01 - Livre";"2021/000078";"Cível";"R$ 2.000,00";"B9000EHE00000";TRUE;NA;NA
"48";"data-raw/1001182-53.2021.8.26.0071.html";"1001182-53.2021.8.26.0071";"Extinto";"Unidade de terapia intensiva (UTI) / unidade de cuidados intensivos (UCI)";"Mandado de Segurança Cível";"Foro de Bauru";"Ana Lúcia Graça Lima Aiello";"1ª Vara da Fazenda Pública";"22/01/2021 às 11:01 - Livre";"2021/000051";"Cível";"R$ 1.045,00";"1Z000F2NO0000";TRUE;"Leito de enfermaria / leito oncológico";NA
"49";"data-raw/1001700-97.2021.8.26.0053.html";"1001700-97.2021.8.26.0053";"Extinto, Tramitação prioritária";"Unidade de terapia intensiva (UTI) / unidade de cuidados intensivos (UCI)";"Procedimento do Juizado Especial Cível";"Foro Central - Fazenda Pública/Acidentes";"JOSE GOMES JARDIM NETO";"2ª Vara do Juizado Especial da Fazenda Pública";"14/01/2021 às 13:26 - Livre";"2021/000211";"Cível";"R$ 10.000,00";"1H000IZLY0000";TRUE;NA;NA
"50";"data-raw/1001850-24.2021.8.26.0071.html";"1001850-24.2021.8.26.0071";"Extinto, Tramitação prioritária";"Unidade de terapia intensiva (UTI) / unidade de cuidados intensivos (UCI)";"Mandado de Segurança Cível";"Foro de Bauru";"Ana Lúcia Graça Lima Aiello";"1ª Vara da Fazenda Pública";"29/01/2021 às 09:45 - Livre";"2021/000073";"Cível";"R$ 1.100,00";"1Z000F3SJ0000";TRUE;NA;NA
"51";"data-raw/1002636-68.2021.8.26.0071.html";"1002636-68.2021.8.26.0071";NA;"Unidade de terapia intensiva (UTI) / unidade de cuidados intensivos (UCI)";"Mandado de Segurança Cível";"Foro de Bauru";"Ana Lúcia Graça Lima Aiello";"1ª Vara da Fazenda Pública";"05/02/2021 às 12:02 - Livre";"2021/000084";"Cível";"R$ 1.100,00";"1Z000F6OV0000";TRUE;NA;NA
"52";"data-raw/1002712-16.2021.8.26.0161.html";"1002712-16.2021.8.26.0161";"Extinto, Tramitação prioritária";"Urgência";"Procedimento do Juizado Especial Cível";"Foro de Diadema";"André Mattos Soares";"Vara da Fazenda Pública";"17/03/2021 às 18:15 - Livre";"2021/000270";"Cível";"R$ 1.000,00";"4H0007Q500000";TRUE;NA;NA
"53";"data-raw/1002975-27.2021.8.26.0071.html";"1002975-27.2021.8.26.0071";"Extinto";"Unidade de terapia intensiva (UTI) / unidade de cuidados intensivos (UCI)";"Mandado de Segurança Cível";"Foro de Bauru";"Ana Lúcia Graça Lima Aiello";"1ª Vara da Fazenda Pública";"09/02/2021 às 11:46 - Livre";"2021/000091";"Cível";"R$ 1.100,00";"1Z000F7C90000";TRUE;"Assistência à Saúde,Tratamento da Própria Saúde";NA
"54";"data-raw/1002989-11.2021.8.26.0071.html";"1002989-11.2021.8.26.0071";"Segredo de Justiça";"Unidade de terapia intensiva (UTI) / unidade de cuidados intensivos (UCI)";"Mandado de Segurança Cível";"Foro de Bauru";"Elaine Cristina Storino Leoni";"2ª Vara da Fazenda Pública";"09/02/2021 às 12:30 - Livre";"2021/000116";"Cível";"R$ 1.100,00";"1Z000F7CJ0000";TRUE;NA;NA
"55";"data-raw/1003241-14.2021.8.26.0071.html";"1003241-14.2021.8.26.0071";NA;"Leito de enfermaria / leito oncológico";"Mandado de Segurança Cível";"Foro de Bauru";"Elaine Cristina Storino Leoni";"2ª Vara da Fazenda Pública";"11/02/2021 às 10:32 - Livre";"2021/000126";"Cível";"R$ 1.100,00";"1Z000F7RK0000";TRUE;NA;NA
"56";"data-raw/1003260-20.2021.8.26.0071.html";"1003260-20.2021.8.26.0071";"Extinto";"Unidade de terapia intensiva (UTI) / unidade de cuidados intensivos (UCI)";"Mandado de Segurança Cível";"Foro de Bauru";"Ana Lúcia Graça Lima Aiello";"1ª Vara da Fazenda Pública";"11/02/2021 às 13:31 - Livre";"2021/000099";"Cível";"R$ 1.100,00";"1Z000F7SZ0000";TRUE;NA;NA
"57";"data-raw/1003362-57.2021.8.26.0066.html";"1003362-57.2021.8.26.0066";"Tramitação prioritária";"Unidade de terapia intensiva (UTI) / unidade de cuidados intensivos (UCI)";"Procedimento Comum Cível";"Foro de Barretos";"Douglas Borges da Silva";"3ª Vara Cível";"07/04/2021 às 15:00 - Livre";"2021/000722";"Cível";"R$ 90.000,00";"1U0006GZK0000";TRUE;NA;NA
"58";"data-raw/1003363-27.2021.8.26.0071.html";"1003363-27.2021.8.26.0071";"Extinto, Tramitação prioritária";"Leito de enfermaria / leito oncológico";"Mandado de Segurança Cível";"Foro de Bauru";"Ana Lúcia Graça Lima Aiello";"1ª Vara da Fazenda Pública";"12/02/2021 às 12:01 - Livre";"2021/000105";"Cível";"R$ 1.100,00";"1Z000F7Z50000";TRUE;NA;NA
"59";"data-raw/1003542-79.2021.8.26.0161.html";"1003542-79.2021.8.26.0161";"Segredo de Justiça, Tramitação prioritária";"Requisição para tratamento de sua saúde, em regime ambulatorial, hospitalar ou domiciliar";"Procedimento Comum Cível";"Foro de Diadema";"Claudia Maria Carbonari de Faria";"Vara do Júri/Exec./Inf. Juv/Idoso";"09/04/2021 às 17:44 - Livre";"2021/000765";"Cível";"R$ 1.000,00";"4H0007RRB0000";TRUE;NA;NA
"60";"data-raw/1003705-59.2021.8.26.0161.html";"1003705-59.2021.8.26.0161";"Segredo de Justiça, Tramitação prioritária";"Unidade de terapia intensiva (UTI) / unidade de cuidados intensivos (UCI)";"Procedimento Comum Cível";"Foro de Diadema";"Claudia Maria Carbonari de Faria";"Vara do Júri/Exec./Inf. Juv/Idoso";"14/04/2021 às 17:22 - Livre";"2021/000823";"Cível";"R$ 1.000,00";"4H0007S4J0000";TRUE;NA;NA
"61";"data-raw/1003897-68.2021.8.26.0071.html";"1003897-68.2021.8.26.0071";NA;"Unidade de terapia intensiva (UTI) / unidade de cuidados intensivos (UCI)";"Mandado de Segurança Cível";"Foro de Bauru";"Ana Lúcia Graça Lima Aiello";"1ª Vara da Fazenda Pública";"18/02/2021 às 12:31 - Livre";"2021/000123";"Cível";"R$ 1.100,00";"1Z000F94V0000";TRUE;NA;NA
"62";"data-raw/1004420-80.2021.8.26.0071.html";"1004420-80.2021.8.26.0071";"Extinto, Tramitação prioritária";"Unidade de terapia intensiva (UTI) / unidade de cuidados intensivos (UCI)";"Mandado de Segurança Cível";"Foro de Bauru";"Elaine Cristina Storino Leoni";"2ª Vara da Fazenda Pública";"24/02/2021 às 12:17 - Livre";"2021/000160";"Cível";"R$ 1.100,00";"1Z000FAYJ0000";TRUE;NA;NA
"63";"data-raw/1004798-36.2021.8.26.0071.html";"1004798-36.2021.8.26.0071";"Extinto";"Unidade de terapia intensiva (UTI) / unidade de cuidados intensivos (UCI)";"Mandado de Segurança Cível";"Foro de Bauru";"Ana Lúcia Graça Lima Aiello";"1ª Vara da Fazenda Pública";"26/02/2021 às 17:45 - Livre";"2021/000143";"Cível";"R$ 1.100,00";"1Z000FBIT0000";TRUE;NA;NA
"64";"data-raw/1004843-94.2021.8.26.0053.html";"1004843-94.2021.8.26.0053";"Tramitação prioritária";"Urgência";"Procedimento Comum Cível";"Foro Central - Fazenda Pública/Acidentes";"Otavio Tioiti Tokuda";"10ª Vara de Fazenda Pública";"28/01/2021 às 19:52 - Livre";"2021/000220";"Cível";"R$ 100.000,00";"1H000J2XV0000";TRUE;NA;NA
"65";"data-raw/1005009-72.2021.8.26.0071.html";"1005009-72.2021.8.26.0071";"Tramitação prioritária";"Unidade de terapia intensiva (UTI) / unidade de cuidados intensivos (UCI)";"Mandado de Segurança Cível";"Foro de Bauru";"Elaine Cristina Storino Leoni";"2ª Vara da Fazenda Pública";"02/03/2021 às 12:46 - Livre";"2021/000180";"Cível";"R$ 1.100,00";"1Z000FC1L0000";TRUE;"Urgência";NA
"66";"data-raw/1005105-87.2021.8.26.0071.html";"1005105-87.2021.8.26.0071";"Segredo de Justiça";"Unidade de terapia intensiva (UTI) / unidade de cuidados intensivos (UCI)";"Mandado de Segurança Cível";"Foro de Bauru";"Elaine Cristina Storino Leoni";"2ª Vara da Fazenda Pública";"02/03/2021 às 19:31 - Livre";"2021/000186";"Cível";"R$ 1.100,00";"1Z000FC5L0000";TRUE;NA;NA
"67";"data-raw/1005490-35.2021.8.26.0071.html";"1005490-35.2021.8.26.0071";NA;"Unidade de terapia intensiva (UTI) / unidade de cuidados intensivos (UCI)";"Mandado de Segurança Cível";"Foro de Bauru";"Ana Lúcia Graça Lima Aiello";"1ª Vara da Fazenda Pública";"05/03/2021 às 17:31 - Livre";"2021/000169";"Cível";"R$ 1.100,00";"1Z000FCTB0000";TRUE;NA;NA
"68";"data-raw/1005741-53.2021.8.26.0071.html";"1005741-53.2021.8.26.0071";"Tramitação prioritária";"Unidade de terapia intensiva (UTI) / unidade de cuidados intensivos (UCI)";"Mandado de Segurança Cível";"Foro de Bauru";"Elaine Cristina Storino Leoni";"2ª Vara da Fazenda Pública";"09/03/2021 às 16:03 - Livre";"2021/000207";"Cível";"R$ 1.100,00";"1Z000FDE70000";TRUE;NA;NA
"69";"data-raw/1005896-56.2021.8.26.0071.html";"1005896-56.2021.8.26.0071";"Extinto, Tramitação prioritária";"Unidade de terapia intensiva (UTI) / unidade de cuidados intensivos (UCI)";"Mandado de Segurança Cível";"Foro de Bauru";"Elaine Cristina Storino Leoni";"2ª Vara da Fazenda Pública";"10/03/2021 às 15:16 - Livre";"2021/000210";"Cível";"R$ 1.100,00";"1Z000FDLQ0000";TRUE;NA;NA
"70";"data-raw/1006183-19.2021.8.26.0071.html";"1006183-19.2021.8.26.0071";"Extinto, Tramitação prioritária";"Unidade de terapia intensiva (UTI) / unidade de cuidados intensivos (UCI)";"Mandado de Segurança Cível";"Foro de Bauru";"Ana Lúcia Graça Lima Aiello";"1ª Vara da Fazenda Pública";"12/03/2021 às 14:30 - Livre";"2021/000186";"Cível";"R$ 1.100,00";"1Z000FE3F0000";TRUE;NA;NA
"71";"data-raw/1006224-83.2021.8.26.0071.html";"1006224-83.2021.8.26.0071";"Extinto";"Unidade de terapia intensiva (UTI) / unidade de cuidados intensivos (UCI)";"Mandado de Segurança Cível";"Foro de Bauru";"Elaine Cristina Storino Leoni";"2ª Vara da Fazenda Pública";"12/03/2021 às 17:16 - Livre";"2021/000225";"Cível";"R$ 1.100,00";"1Z000FE5F0000";TRUE;NA;NA
"72";"data-raw/1006320-98.2021.8.26.0071.html";"1006320-98.2021.8.26.0071";"Extinto";"Unidade de terapia intensiva (UTI) / unidade de cuidados intensivos (UCI)";"Mandado de Segurança Cível";"Foro de Bauru";"Elaine Cristina Storino Leoni";"2ª Vara da Fazenda Pública";"15/03/2021 às 12:30 - Livre";"2021/000227";"Cível";"R$ 1.045,00";"1Z000FEEM0000";TRUE;NA;NA
"73";"data-raw/1006598-02.2021.8.26.0071.html";"1006598-02.2021.8.26.0071";"Extinto, Tramitação prioritária";"Unidade de terapia intensiva (UTI) / unidade de cuidados intensivos (UCI)";"Mandado de Segurança Cível";"Foro de Bauru";"Ana Lúcia Graça Lima Aiello";"1ª Vara da Fazenda Pública";"17/03/2021 às 13:00 - Livre";"2021/000200";"Cível";"R$ 1.100,00";"1Z000FEV20000";TRUE;NA;NA
"74";"data-raw/1006703-76.2021.8.26.0071.html";"1006703-76.2021.8.26.0071";"Tramitação prioritária";"Unidade de terapia intensiva (UTI) / unidade de cuidados intensivos (UCI)";"Mandado de Segurança Cível";"Foro de Bauru";"Elaine Cristina Storino Leoni";"2ª Vara da Fazenda Pública";"18/03/2021 às 11:00 - Livre";"2021/000240";"Cível";"R$ 1.100,00";"1Z000FF0N0000";TRUE;NA;NA
"75";"data-raw/1006719-30.2021.8.26.0071.html";"1006719-30.2021.8.26.0071";"Tramitação prioritária";"Unidade de terapia intensiva (UTI) / unidade de cuidados intensivos (UCI)";"Mandado de Segurança Cível";"Foro de Bauru";"Ana Lúcia Graça Lima Aiello";"1ª Vara da Fazenda Pública";"18/03/2021 às 12:30 - Livre";"2021/000207";"Cível";"R$ 1.100,00";"1Z000FF1P0000";TRUE;"Assistência à Saúde";NA
"76";"data-raw/1006834-51.2021.8.26.0071.html";"1006834-51.2021.8.26.0071";"Tramitação prioritária";"Unidade de terapia intensiva (UTI) / unidade de cuidados intensivos (UCI)";"Mandado de Segurança Cível";"Foro de Bauru";"Elaine Cristina Storino Leoni";"2ª Vara da Fazenda Pública";"19/03/2021 às 10:31 - Livre";"2021/000245";"Cível";"R$ 1.100,00";"1Z000FF7X0000";TRUE;NA;NA
"77";"data-raw/1006984-56.2021.8.26.0451.html";"1006984-56.2021.8.26.0451";"Tramitação prioritária";"Urgência";"Procedimento Comum Cível";"Foro de Piracicaba";"Wander Pereira Rossette Júnior";"1ª Vara da Fazenda Pública";"19/04/2021 às 16:33 - Livre";"2021/000783";"Cível";"R$ 100.000,00";"CJ000PIA70000";TRUE;NA;NA
"78";"data-raw/1007106-45.2021.8.26.0071.html";"1007106-45.2021.8.26.0071";NA;"Unidade de terapia intensiva (UTI) / unidade de cuidados intensivos (UCI)";"Mandado de Segurança Cível";"Foro de Bauru";"Ana Lúcia Graça Lima Aiello";"1ª Vara da Fazenda Pública";"23/03/2021 às 12:01 - Livre";"2021/000219";"Cível";"R$ 1.100,00";"1Z000FFUD0000";TRUE;NA;NA
"79";"data-raw/1007219-96.2021.8.26.0071.html";"1007219-96.2021.8.26.0071";"Extinto";"Leito de enfermaria / leito oncológico";"Mandado de Segurança Cível";"Foro de Bauru";"Ana Lúcia Graça Lima Aiello";"1ª Vara da Fazenda Pública";"24/03/2021 às 10:48 - Livre";"2021/000220";"Cível";"R$ 1.100,00";"1Z000FG1H0000";TRUE;NA;NA
"80";"data-raw/1007351-56.2021.8.26.0071.html";"1007351-56.2021.8.26.0071";"Extinto";"Unidade de terapia intensiva (UTI) / unidade de cuidados intensivos (UCI)";"Mandado de Segurança Cível";"Foro de Bauru";"Ana Lúcia Graça Lima Aiello";"1ª Vara da Fazenda Pública";"25/03/2021 às 10:02 - Livre";"2021/000224";"Cível";"R$ 1.100,00";"1Z000FG910000";TRUE;NA;NA
"81";"data-raw/1007500-52.2021.8.26.0071.html";"1007500-52.2021.8.26.0071";NA;"Unidade de terapia intensiva (UTI) / unidade de cuidados intensivos (UCI)";"Mandado de Segurança Cível";"Foro de Bauru";"Elaine Cristina Storino Leoni";"2ª Vara da Fazenda Pública";"26/03/2021 às 10:02 - Livre";"2021/000269";"Cível";"R$ 1.100,00";"1Z000FGGX0000";TRUE;NA;NA
"82";"data-raw/1007547-26.2021.8.26.0071.html";"1007547-26.2021.8.26.0071";"Tramitação prioritária";"Unidade de terapia intensiva (UTI) / unidade de cuidados intensivos (UCI)";"Mandado de Segurança Cível";"Foro de Bauru";"Elaine Cristina Storino Leoni";"2ª Vara da Fazenda Pública";"26/03/2021 às 15:37 - Livre";"2021/000270";"Cível";"R$ 1.100,00";"1Z000FGKG0000";TRUE;NA;NA
"83";"data-raw/1007856-47.2021.8.26.0071.html";"1007856-47.2021.8.26.0071";"Extinto, Tramitação prioritária";"Unidade de terapia intensiva (UTI) / unidade de cuidados intensivos (UCI)";"Mandado de Segurança Cível";"Foro de Bauru";"Ana Lúcia Graça Lima Aiello";"1ª Vara da Fazenda Pública";"31/03/2021 às 11:01 - Livre";"2021/000240";"Cível";"R$ 1.100,00";"1Z000FH9A0000";TRUE;NA;NA
"84";"data-raw/1008154-39.2021.8.26.0071.html";"1008154-39.2021.8.26.0071";"Extinto";"Unidade de terapia intensiva (UTI) / unidade de cuidados intensivos (UCI)";"Mandado de Segurança Cível";"Foro de Bauru";"Elaine Cristina Storino Leoni";"2ª Vara da Fazenda Pública";"05/04/2021 às 11:45 - Livre";"2021/000291";"Cível";"R$ 1.100,00";"1Z000FHV10000";TRUE;NA;NA
"85";"data-raw/1008310-27.2021.8.26.0071.html";"1008310-27.2021.8.26.0071";NA;"Unidade de terapia intensiva (UTI) / unidade de cuidados intensivos (UCI)";"Mandado de Segurança Cível";"Foro de Bauru";"Elaine Cristina Storino Leoni";"2ª Vara da Fazenda Pública";"06/04/2021 às 11:00 - Livre";"2021/000302";"Cível";"R$ 1.100,00";"1Z000FI480000";TRUE;"Assistência à Saúde";NA
"86";"data-raw/1008315-49.2021.8.26.0071.html";"1008315-49.2021.8.26.0071";"Extinto";"Unidade de terapia intensiva (UTI) / unidade de cuidados intensivos (UCI)";"Mandado de Segurança Cível";"Foro de Bauru";"Ana Lúcia Graça Lima Aiello";"1ª Vara da Fazenda Pública";"06/04/2021 às 11:32 - Livre";"2021/000257";"Cível";"R$ 1.100,00";"1Z000FI4K0000";TRUE;NA;NA
"87";"data-raw/1008435-92.2021.8.26.0071.html";"1008435-92.2021.8.26.0071";"Tramitação prioritária";"Unidade de terapia intensiva (UTI) / unidade de cuidados intensivos (UCI)";"Mandado de Segurança Cível";"Foro de Bauru";"Elaine Cristina Storino Leoni";"2ª Vara da Fazenda Pública";"07/04/2021 às 12:15 - Livre";"2021/000307";"Cível";"R$ 1.100,00";"1Z000FIBX0000";TRUE;NA;NA
"88";"data-raw/1008646-31.2021.8.26.0071.html";"1008646-31.2021.8.26.0071";"Tramitação prioritária";"Unidade de terapia intensiva (UTI) / unidade de cuidados intensivos (UCI)";"Mandado de Segurança Cível";"Foro de Bauru";"Elaine Cristina Storino Leoni";"2ª Vara da Fazenda Pública";"09/04/2021 às 10:05 - Livre";"2021/000316";"Cível";"R$ 1.100,00";"1Z000FIPC0000";TRUE;NA;NA
"89";"data-raw/1008994-49.2021.8.26.0071.html";"1008994-49.2021.8.26.0071";"Tramitação prioritária";"Unidade de terapia intensiva (UTI) / unidade de cuidados intensivos (UCI)";"Mandado de Segurança Cível";"Foro de Bauru";"Ana Lúcia Graça Lima Aiello";"1ª Vara da Fazenda Pública";"14/04/2021 às 10:45 - Livre";"2021/000280";"Cível";"R$ 1.100,00";"1Z000FJGB0000";TRUE;NA;NA
"90";"data-raw/1009693-40.2021.8.26.0071.html";"1009693-40.2021.8.26.0071";"Tramitação prioritária";"Leito de enfermaria / leito oncológico";"Mandado de Segurança Cível";"Foro de Bauru";"Ana Lúcia Graça Lima Aiello";"1ª Vara da Fazenda Pública";"22/04/2021 às 11:15 - Livre";"2021/000307";"Cível";"R$ 1.100,00";"1Z000FKRF0000";TRUE;"Unidade de terapia intensiva (UTI) / unidade de cuidados intensivos (UCI)";NA
"91";"data-raw/1010413-07.2021.8.26.0071.html";"1010413-07.2021.8.26.0071";"Tramitação prioritária";"Unidade de terapia intensiva (UTI) / unidade de cuidados intensivos (UCI)";"Mandado de Segurança Cível";"Foro de Bauru";"Elaine Cristina Storino Leoni";"2ª Vara da Fazenda Pública";"29/04/2021 às 10:16 - Livre";"2021/000376";"Cível";"R$ 1.110,00";"1Z000FM2B0000";TRUE;NA;NA
"92";"data-raw/1010414-89.2021.8.26.0071.html";"1010414-89.2021.8.26.0071";"Tramitação prioritária";"Unidade de terapia intensiva (UTI) / unidade de cuidados intensivos (UCI)";"Mandado de Segurança Cível";"Foro de Bauru";"Elaine Cristina Storino Leoni";"2ª Vara da Fazenda Pública";"29/04/2021 às 11:01 - Livre";"2021/000377";"Cível";"R$ 1.100,00";"1Z000FM2H0000";TRUE;NA;NA
"93";"data-raw/1011011-58.2021.8.26.0071.html";"1011011-58.2021.8.26.0071";"Tramitação prioritária";"Unidade de terapia intensiva (UTI) / unidade de cuidados intensivos (UCI)";"Mandado de Segurança Cível";"Foro de Bauru";"Ana Lúcia Graça Lima Aiello";"1ª Vara da Fazenda Pública";"06/05/2021 às 12:15 - Livre";"2021/000353";"Cível";"R$ 1.100,00";"1Z000FN9J0000";TRUE;NA;NA
"94";"data-raw/1011362-31.2021.8.26.0071.html";"1011362-31.2021.8.26.0071";NA;"Unidade de terapia intensiva (UTI) / unidade de cuidados intensivos (UCI)";"Mandado de Segurança Cível";"Foro de Bauru";"Ana Lúcia Graça Lima Aiello";"1ª Vara da Fazenda Pública";"11/05/2021 às 12:16 - Livre";"2021/000366";"Cível";"R$ 1.100,00";"1Z000FO1Z0000";TRUE;NA;NA
"95";"data-raw/1011482-74.2021.8.26.0071.html";"1011482-74.2021.8.26.0071";NA;"Unidade de terapia intensiva (UTI) / unidade de cuidados intensivos (UCI)";"Mandado de Segurança Cível";"Foro de Bauru";"Elaine Cristina Storino Leoni";"2ª Vara da Fazenda Pública";"12/05/2021 às 12:30 - Livre";"2021/000419";"Cível";"R$ 1.100,00";"1Z000FOAF0000";TRUE;NA;NA
"96";"data-raw/1011601-35.2021.8.26.0071.html";"1011601-35.2021.8.26.0071";"Tramitação prioritária";"Urgência";"Mandado de Segurança Cível";"Foro de Bauru";"Ana Lúcia Graça Lima Aiello";"1ª Vara da Fazenda Pública";"13/05/2021 às 09:45 - Livre";"2021/000372";"Cível";"R$ 1.100,00";"1Z000FOSY0000";TRUE;"Leito de enfermaria / leito oncológico";NA
"97";"data-raw/1011617-86.2021.8.26.0071.html";"1011617-86.2021.8.26.0071";"Tramitação prioritária";"Unidade de terapia intensiva (UTI) / unidade de cuidados intensivos (UCI)";"Mandado de Segurança Cível";"Foro de Bauru";"Elaine Cristina Storino Leoni";"2ª Vara da Fazenda Pública";"13/05/2021 às 11:31 - Livre";"2021/000423";"Cível";"R$ 1.100,00";"1Z000FOUB0000";TRUE;"Urgência";NA
"98";"data-raw/1011728-70.2021.8.26.0071.html";"1011728-70.2021.8.26.0071";NA;"Leito de enfermaria / leito oncológico";"Mandado de Segurança Cível";"Foro de Bauru";"Elaine Cristina Storino Leoni";"2ª Vara da Fazenda Pública";"14/05/2021 às 11:18 - Livre";"2021/000427";"Cível";"R$ 1.100,00";"1Z000FP3R0000";TRUE;"Urgência";NA
"99";"data-raw/1011864-67.2021.8.26.0071.html";"1011864-67.2021.8.26.0071";NA;"Leito de enfermaria / leito oncológico";"Mandado de Segurança Cível";"Foro de Bauru";"Ana Lúcia Graça Lima Aiello";"1ª Vara da Fazenda Pública";"17/05/2021 às 10:15 - Livre";"2021/000380";"Cível";"R$ 1.100,00";"1Z000FPIE0000";TRUE;"Unidade de terapia intensiva (UTI) / unidade de cuidados intensivos (UCI)";NA
"100";"data-raw/1012253-52.2021.8.26.0071.html";"1012253-52.2021.8.26.0071";"Tramitação prioritária";"Unidade de terapia intensiva (UTI) / unidade de cuidados intensivos (UCI)";"Mandado de Segurança Cível";"Foro de Bauru";"Ana Lúcia Graça Lima Aiello";"1ª Vara da Fazenda Pública";"20/05/2021 às 10:17 - Livre";"2021/000394";"Cível";"R$ 1.100,00";"1Z000FQ5W0000";TRUE;NA;NA
"101";"data-raw/1012704-77.2021.8.26.0071.html";"1012704-77.2021.8.26.0071";"Tramitação prioritária";"Unidade de terapia intensiva (UTI) / unidade de cuidados intensivos (UCI)";"Mandado de Segurança Cível";"Foro de Bauru";"Elaine Cristina Storino Leoni";"2ª Vara da Fazenda Pública";"26/05/2021 às 10:03 - Livre";"2021/000467";"Cível";"R$ 1.100,00";"1Z000FR4O0000";TRUE;NA;NA
"102";"data-raw/1012737-67.2021.8.26.0071.html";"1012737-67.2021.8.26.0071";"Tramitação prioritária";"Unidade de terapia intensiva (UTI) / unidade de cuidados intensivos (UCI)";"Mandado de Segurança Cível";"Foro de Bauru";"Ana Lúcia Graça Lima Aiello";"1ª Vara da Fazenda Pública";"26/05/2021 às 12:45 - Livre";"2021/000410";"Cível";"R$ 1.100,00";"1Z000FR610000";TRUE;"Urgência";NA
"103";"data-raw/1012878-86.2021.8.26.0071.html";"1012878-86.2021.8.26.0071";"Tramitação prioritária";"Unidade de terapia intensiva (UTI) / unidade de cuidados intensivos (UCI)";"Mandado de Segurança Cível";"Foro de Bauru";"Ana Lúcia Graça Lima Aiello";"1ª Vara da Fazenda Pública";"27/05/2021 às 11:31 - Livre";"2021/000413";"Cível";"R$ 1.100,00";"1Z000FRE70000";TRUE;NA;NA
"104";"data-raw/1012890-03.2021.8.26.0071.html";"1012890-03.2021.8.26.0071";"Tramitação prioritária";"Unidade de terapia intensiva (UTI) / unidade de cuidados intensivos (UCI)";"Mandado de Segurança Cível";"Foro de Bauru";"Elaine Cristina Storino Leoni";"2ª Vara da Fazenda Pública";"27/05/2021 às 12:45 - Livre";"2021/000470";"Cível";"R$ 1.100,00";"1Z000FREP0000";TRUE;NA;NA
"105";"data-raw/1013046-88.2021.8.26.0071.html";"1013046-88.2021.8.26.0071";"Tramitação prioritária";"Unidade de terapia intensiva (UTI) / unidade de cuidados intensivos (UCI)";"Mandado de Segurança Cível";"Foro de Bauru";"Elaine Cristina Storino Leoni";"2ª Vara da Fazenda Pública";"28/05/2021 às 16:31 - Livre";"2021/000477";"Cível";"R$ 1.100,00";"1Z000FROJ0000";TRUE;"Leito de enfermaria / leito oncológico";NA
"106";"data-raw/1013140-36.2021.8.26.0071.html";"1013140-36.2021.8.26.0071";NA;"Unidade de terapia intensiva (UTI) / unidade de cuidados intensivos (UCI)";"Mandado de Segurança Cível";"Foro de Bauru";"Elaine Cristina Storino Leoni";"2ª Vara da Fazenda Pública";"31/05/2021 às 13:31 - Livre";"2021/000482";"Cível";"R$ 1.100,00";"1Z000FRYD0000";TRUE;NA;NA
"107";"data-raw/1013262-49.2021.8.26.0071.html";"1013262-49.2021.8.26.0071";"Tramitação prioritária";"Leito de enfermaria / leito oncológico";"Mandado de Segurança Cível";"Foro de Bauru";"Elaine Cristina Storino Leoni";"2ª Vara da Fazenda Pública";"01/06/2021 às 12:15 - Livre";"2021/000488";"Cível";"R$ 1.100,00";"1Z000FS650000";TRUE;"Unidade de terapia intensiva (UTI) / unidade de cuidados intensivos (UCI)";NA
"108";"data-raw/1013267-71.2021.8.26.0071.html";"1013267-71.2021.8.26.0071";NA;"Unidade de terapia intensiva (UTI) / unidade de cuidados intensivos (UCI)";"Mandado de Segurança Cível";"Foro de Bauru";"Elaine Cristina Storino Leoni";"2ª Vara da Fazenda Pública";"01/06/2021 às 13:00 - Livre";"2021/000489";"Cível";"R$ 1.100,00";"1Z000FS6H0000";TRUE;NA;NA
"109";"data-raw/1013625-36.2021.8.26.0071.html";"1013625-36.2021.8.26.0071";NA;"Unidade de terapia intensiva (UTI) / unidade de cuidados intensivos (UCI)";"Mandado de Segurança Cível";"Foro de Bauru";"Elaine Cristina Storino Leoni";"2ª Vara da Fazenda Pública";"07/06/2021 às 12:31 - Livre";"2021/000505";"Cível";"R$ 1.100,00";"1Z000FSXU0000";TRUE;NA;NA
"110";"data-raw/1014021-13.2021.8.26.0071.html";"1014021-13.2021.8.26.0071";"Tramitação prioritária";"Unidade de terapia intensiva (UTI) / unidade de cuidados intensivos (UCI)";"Mandado de Segurança Cível";"Foro de Bauru";"Ana Lúcia Graça Lima Aiello";"1ª Vara da Fazenda Pública";"10/06/2021 às 10:16 - Livre";"2021/000469";"Cível";"R$ 1.100,00";"1Z000FTLC0000";TRUE;"Urgência";NA
"111";"data-raw/1014037-64.2021.8.26.0071.html";"1014037-64.2021.8.26.0071";NA;"Unidade de terapia intensiva (UTI) / unidade de cuidados intensivos (UCI)";"Mandado de Segurança Cível";"Foro de Bauru";"Ana Lúcia Graça Lima Aiello";"1ª Vara da Fazenda Pública";"10/06/2021 às 12:15 - Livre";"2021/000470";"Cível";"R$ 1.100,00";"1Z000FTM90000";TRUE;NA;NA
"112";"data-raw/1014038-49.2021.8.26.0071.html";"1014038-49.2021.8.26.0071";NA;"Unidade de terapia intensiva (UTI) / unidade de cuidados intensivos (UCI)";"Mandado de Segurança Cível";"Foro de Bauru";"Elaine Cristina Storino Leoni";"2ª Vara da Fazenda Pública";"10/06/2021 às 12:30 - Livre";"2021/000535";"Cível";"R$ 1.100,00";"1Z000FTMB0000";TRUE;NA;NA
"113";"data-raw/1014259-32.2021.8.26.0071.html";"1014259-32.2021.8.26.0071";NA;"Unidade de terapia intensiva (UTI) / unidade de cuidados intensivos (UCI)";"Mandado de Segurança Cível";"Foro de Bauru";"Elaine Cristina Storino Leoni";"2ª Vara da Fazenda Pública";"11/06/2021 às 11:02 - Livre";"2021/000540";"Cível";"R$ 1.100,00";"1Z000FTW20000";TRUE;NA;NA
"114";"data-raw/1015395-21.2021.8.26.0053.html";"1015395-21.2021.8.26.0053";NA;"Unidade de terapia intensiva (UTI) / unidade de cuidados intensivos (UCI)";"Procedimento do Juizado Especial Cível";"Foro Central - Fazenda Pública/Acidentes";"LUIS GUSTAVO DA SILVA PIRES";"4ª Vara do Juizado Especial da Fazenda Pública da Capital";"17/03/2021 às 14:37 - Livre";"2021/001782";"Cível";"R$ 10.000,00";"1H000JFW70000";TRUE;NA;NA
"115";"data-raw/1016530-68.2021.8.26.0053.html";"1016530-68.2021.8.26.0053";"Tramitação prioritária";"Unidade de terapia intensiva (UTI) / unidade de cuidados intensivos (UCI)";"Procedimento do Juizado Especial Cível";"Foro Central - Fazenda Pública/Acidentes";"ADRIANA BERTIER BENEDITO";"3ª Vara do Juizado Especial da Fazenda Pública da Capital";"22/03/2021 às 13:29 - Livre";"2021/001802";"Cível";"R$ 10.000,00";"1H000JH7Q0000";TRUE;NA;NA
"116";"data-raw/1017814-14.2021.8.26.0053.html";"1017814-14.2021.8.26.0053";"Tramitação prioritária";"Unidade de terapia intensiva (UTI) / unidade de cuidados intensivos (UCI)";"Procedimento Comum Cível";"Foro Central - Fazenda Pública/Acidentes";"SIMONE GOMES RODRIGUES CASORETTI";"9ª Vara de Fazenda Pública";"26/03/2021 às 17:33 - Livre";"2021/000736";"Cível";"R$ 77.000,00";"1H000JIPB0000";TRUE;NA;NA
"117";"data-raw/1018681-07.2021.8.26.0053.html";"1018681-07.2021.8.26.0053";"Tramitação prioritária";"Unidade de terapia intensiva (UTI) / unidade de cuidados intensivos (UCI)";"Procedimento do Juizado Especial Cível";"Foro Central - Fazenda Pública/Acidentes";"Nandra Martins Da Silva Machado";"4ª Vara do Juizado Especial da Fazenda Pública da Capital";"31/03/2021 às 19:27 - Livre";"2021/002130";"Cível";"R$ 10.000,00";"1H000JJTW0000";TRUE;NA;NA
"118";"data-raw/1019154-89.2021.8.26.0506.html";"1019154-89.2021.8.26.0506";"Segredo de Justiça, Tramitação prioritária";"Unidade de terapia intensiva (UTI) / unidade de cuidados intensivos (UCI)";"Procedimento Comum Cível";"Foro de Ribeirão Preto";"PAULO CESAR GENTILE";"Vara da Infância e Juventude e do Idoso";"01/06/2021 às 17:50 - Livre";"2021/000992";"Cível";"R$ 10.000,00";"E2000L2X90000";TRUE;NA;NA
"119";"data-raw/1019163-51.2021.8.26.0506.html";"1019163-51.2021.8.26.0506";NA;"Unidade de terapia intensiva (UTI) / unidade de cuidados intensivos (UCI)";"Procedimento do Juizado Especial Cível";"Foro de Ribeirão Preto";"REGINALDO SIQUEIRA";"ANEXO DE JUIZADO ESPECIAL DA FAZENDA PUBLICA - JEFAZ";"01/06/2021 às 15:33 - Livre";"2021/001797";"Cível";"R$ 10.000,00";"E2000L2XB0000";TRUE;NA;NA
"120";"data-raw/1019543-75.2021.8.26.0053.html";"1019543-75.2021.8.26.0053";"Tramitação prioritária";"Unidade de terapia intensiva (UTI) / unidade de cuidados intensivos (UCI)";"Procedimento Comum Cível";"Foro Central - Fazenda Pública/Acidentes";"Sergio Serrano Nunes Filho";"1ª Vara de Fazenda Pública";"06/04/2021 às 16:32 - Livre";"2021/000708";"Cível";"R$ 100.000,00";"1H000JKO50000";TRUE;NA;NA
"121";"data-raw/1033537-73.2021.8.26.0053.html";"1033537-73.2021.8.26.0053";"Tramitação prioritária";"Unidade de terapia intensiva (UTI) / unidade de cuidados intensivos (UCI)";"Procedimento Comum Cível";"Foro Central - Fazenda Pública/Acidentes";"Liliane Keyko Hioki";"6ª Vara de Fazenda Pública";"02/06/2021 às 12:26 - Livre";"2021/001119";"Cível";"R$ 38.000,00";"1H000JZU40000";TRUE;NA;NA
"122";"data-raw/1033587-02.2021.8.26.0053.html";"1033587-02.2021.8.26.0053";"Tramitação prioritária";"Unidade de terapia intensiva (UTI) / unidade de cuidados intensivos (UCI)";"Procedimento Comum Cível";"Foro Central - Fazenda Pública/Acidentes";"Celina Kiyomi Toyoshima";"4ª Vara de Fazenda Pública";"02/06/2021 às 14:25 - Livre";"2021/001009";"Cível";"R$ 100.000,00";"1H000JZVU0000";TRUE;NA;NA
